nb;contract;udf_ref;fmly;grp;type;country;udf_name;num_value;string_value;date_value;data_timestamp_part;data_date_part;source_system
444444;3333;28786653;IRD;LN_BR;;ESP;M_CCY;NULL;;NULL;20201128041303;2020-12-30;Mx3EU
2222222;2222222;2222222;IRD;IRS;;ESP;M_CRDTCHRG;30.000000000000;NULL;NULL;20210203032054;2020-12-30;Mx3EU
2222222;2222222;2222222;IRD;IRS;;ESP;M_SELLER;NULL;LB_TLECLER;NULL;20210203032054;2020-12-30;Mx3EU
2222222;2222222;2222222;IRD;IRS;;ESP;M_LIQDTYCHRG;50.000000000000;NULL;NULL;20210203032054;2020-12-30;Mx3EU
2222222;2222222;2222222;IRD;IRS;;ESP;M_MVA;20;NULL;NULL;20210203032054;2020-12-30;Mx3EU
2222222;2222222;2222222;IRD;IRS;;ESP;M_SUCURSAL;NULL;1999;NULL;20210203032054;2020-12-30;Mx3EU
2222222;2222222;2222222;IRD;IRS;;ESP;M_RVA;0.000000000000;NULL;NULL;20210203032054;2020-12-30;Mx3EU
2222222;2222222;2222222;IRD;IRS;;ESP;M_DIRECTIAV;0.000000000000;NULL;NULL;20210203032054;2020-12-30;Mx3EU
2222222;2222222;2222222;IRD;IRS;;ESP;M_CLIENT;NULL;CCMO;NULL;20210203032054;2020-12-30;Mx3EU
2222222;2222222;2222222;IRD;IRS;;ESP;M_DISCMARGIN;10;NULL;NULL;20210203032054;2020-12-30;Mx3EU
2222222;2222222;2222222;IRD;IRS;;ESP;M_CCY;NULL;USD;NULL;20210203032054;2020-12-30;Mx3EU
3815982;3672136;4951879;SCF;SCF;SCF;ESP;M_DISCMARGIN;0.000000000000;NULL;NULL;20200406103021;2020-12-30;Mx3EU
3815982;3672136;4951879;SCF;SCF;SCF;ESP;M_SUCURSAL;NULL;;NULL;20200406103021;2020-12-30;Mx3EU
3815982;3672136;4951879;SCF;SCF;SCF;ESP;M_RVA;0.000000000000;NULL;NULL;20200406103021;2020-12-30;Mx3EU
3815982;3672136;4951879;SCF;SCF;SCF;ESP;M_LIQDTYCHRG;0.000000000000;NULL;NULL;20200406103021;2020-12-30;Mx3EU
3815982;3672136;4951879;SCF;SCF;SCF;ESP;M_CRDTCHRG;0.000000000000;NULL;NULL;20200406103021;2020-12-30;Mx3EU
3815982;3672136;4951879;SCF;SCF;SCF;ESP;M_MVA;0.000000000000;NULL;NULL;20200406103021;2020-12-30;Mx3EU
3815982;3672136;4951879;SCF;SCF;SCF;ESP;M_SELLER;NULL;;NULL;20200406103021;2020-12-30;Mx3EU
3815982;3672136;4951879;SCF;SCF;SCF;ESP;M_CLIENT;NULL;;NULL;20200406103021;2020-12-30;Mx3EU
3815982;3672136;4951879;SCF;SCF;SCF;ESP;M_DIRECTIAV;0.000000000000;NULL;NULL;20200406103021;2020-12-30;Mx3EU
3815982;3672136;4951879;SCF;SCF;SCF;ESP;M_CCY;NULL;;NULL;20200406103021;2020-12-30;Mx3EU
8216817;4134354251;32143453;CURR;FXD;FXD;ESP;M_CCY;NULL;EUR;NULL;20210331035233;2020-12-30;Mx3EU
8216817;4134354251;32143453;CURR;FXD;FXD;ESP;M_DIRECTIAV;0.000000000000;;;20210331035233;2020-12-30;Mx3EU
8216817;4134354251;32143453;CURR;FXD;FXD;ESP;M_SELLER;NULL;AMAM;NULL;20210331035233;2020-12-30;Mx3EU
14773283;13940488;21807924;IRD;LN_BR;;ESP;M_DISCMARGIN;200;NULL;NULL;20200406103021;2020-12-30;Mx3EU
14773283;13940488;21807924;IRD;LN_BR;;ESP;M_CLIENT;NULL;NULL;NULL;20200406103021;2020-12-30;Mx3EU
14773283;13940488;21807924;IRD;LN_BR;;ESP;M_RVA;5;NULL;NULL;20200406103021;2020-12-30;Mx3EU
14773283;13940488;21807924;IRD;LN_BR;;ESP;M_LIQDTYCHRG;10;NULL;NULL;20200406103021;2020-12-30;Mx3EU
14773283;13940488;21807924;IRD;LN_BR;;ESP;M_CRDTCHRG;10;NULL;NULL;20200406103021;2020-12-30;Mx3EU
14773283;13940488;21807924;IRD;LN_BR;;ESP;M_MVA;10;NULL;NULL;20200406103021;2020-12-30;Mx3EU
14773283;13940488;21807924;IRD;LN_BR;;ESP;M_SUCURSAL;NULL;5493;NULL;20200406103021;2020-12-30;Mx3EU
14773283;13940488;21807924;IRD;LN_BR;;ESP;M_SELLER;NULL;;NULL;20200406103021;2020-12-30;Mx3EU
14773283;13940488;21807924;IRD;LN_BR;;ESP;M_DIRECTIAV;10;NULL;NULL;20200406103021;2020-12-30;Mx3EU
14773283;13940488;21807924;IRD;LN_BR;;ESP;M_PRUEBA;NULL;PRUEBA;NULL;20200406103021;2020-12-30;Mx3EU
14773283;13940488;21807924;IRD;LN_BR;;ESP;M_CCY;NULL;;NULL;20200406103021;2020-12-30;Mx3EU
16719306;15798306;25071456;CURR;FXD;FXD;ESP;M_CCY;NULL;USD;NULL;20200505030839;2020-12-30;Mx3EU
16719306;15798306;25071456;CURR;FXD;FXD;ESP;M_DIRECTIAV;0.000000000000;NULL;NULL;20200505030839;2020-12-30;Mx3EU
16719306;15798306;25071456;CURR;FXD;FXD;ESP;M_SELLER;NULL;AMAM;NULL;20200505030839;2020-12-30;Mx3EU
18343978;17356077;27518638;IRD;IRS;;ESP;M_CRDTCHRG;0.000000000000;NULL;NULL;20210203032054;2020-12-30;Mx3EU
18343978;17356077;27518638;IRD;IRS;;ESP;M_SELLER;NULL;LB_TLECLER;NULL;20210203032054;2020-12-30;Mx3EU
18343978;17356077;27518638;IRD;IRS;;ESP;M_LIQDTYCHRG;0.000000000000;NULL;NULL;20210203032054;2020-12-30;Mx3EU
18343978;17356077;27518638;IRD;IRS;;ESP;M_MVA;20;NULL;NULL;20210203032054;2020-12-30;Mx3EU
18343978;17356077;27518638;IRD;IRS;;ESP;M_SUCURSAL;NULL;1999;NULL;20210203032054;2020-12-30;Mx3EU
18343978;17356077;27518638;IRD;IRS;;ESP;M_RVA;0.000000000000;NULL;NULL;20210203032054;2020-12-30;Mx3EU
18343978;17356077;27518638;IRD;IRS;;ESP;M_DIRECTIAV;0.000000000000;NULL;NULL;20210203032054;2020-12-30;Mx3EU
18343978;17356077;27518638;IRD;IRS;;ESP;M_CLIENT;NULL;CCMO;NULL;20210203032054;2020-12-30;Mx3EU
18343978;17356077;27518638;IRD;IRS;;ESP;M_DISCMARGIN;10;NULL;NULL;20210203032054;2020-12-30;Mx3EU
18343978;17356077;27518638;IRD;IRS;;ESP;M_CCY;NULL;GBP;NULL;20210203032054;2020-12-30;Mx3EU
18710605;17705569;28066233;CURR;FXD;SWLEG;ESP;M_CCY;NULL;MXN;NULL;20200909033931;2020-12-30;Mx3EU
18710605;17705569;28066233;CURR;FXD;SWLEG;ESP;M_DIRECTIAV;0.000000000000;NULL;NULL;20200909033931;2020-12-30;Mx3EU
18710605;17705569;28066233;CURR;FXD;SWLEG;ESP;M_SELLER;NULL;AMAM;NULL;20200909033931;2020-12-30;Mx3EU
18710606;17705569;28066234;CURR;FXD;SWLEG;ESP;M_CCY;NULL;MXN;NULL;20200909033931;2020-12-30;Mx3EU
18710606;17705569;28066234;CURR;FXD;SWLEG;ESP;M_DIRECTIAV;0.000000000000;NULL;NULL;20200909033931;2020-12-30;Mx3EU
18710606;17705569;28066234;CURR;FXD;SWLEG;ESP;M_SELLER;NULL;AMAM;NULL;20200909033931;2020-12-30;Mx3EU
18937012;17921810;28395739;CURR;FXD;SWLEG;ESP;M_CCY;NULL;EUR;NULL;20200924034438;2020-12-30;Mx3EU
18937012;17921810;28395739;CURR;FXD;SWLEG;ESP;M_DIRECTIAV;0.000000000000;NULL;NULL;20200924034438;2020-12-30;Mx3EU
18937012;17921810;28395739;CURR;FXD;SWLEG;ESP;M_SELLER;NULL;AMAM;NULL;20200924034438;2020-12-30;Mx3EU
18937013;17921810;28395740;CURR;FXD;SWLEG;ESP;M_CCY;NULL;EUR;NULL;20200924034438;2020-12-30;Mx3EU
18937013;17921810;28395740;CURR;FXD;SWLEG;ESP;M_DIRECTIAV;0.000000000000;NULL;NULL;20200924034438;2020-12-30;Mx3EU
18937013;17921810;28395740;CURR;FXD;SWLEG;ESP;M_SELLER;NULL;AMAM;NULL;20200924034438;2020-12-30;Mx3EU
19335398;18302860;28963528;CURR;FXD;FXD;ESP;M_CCY;NULL;USD;NULL;20201020120706;2020-12-30;Mx3EU
19335398;18302860;28963528;CURR;FXD;FXD;ESP;M_DIRECTIAV;0.000000000000;NULL;NULL;20201020120706;2020-12-30;Mx3EU
19335398;18302860;28963528;CURR;FXD;FXD;ESP;M_SELLER;NULL;AMAM;NULL;20201020120706;2020-12-30;Mx3EU
19665185;18622136;29395508;CURR;FXD;SWLEG;ESP;M_MVA;0.000000000000;NULL;NULL;20201103034020;2020-12-30;Mx3EU
19665185;18622136;29395508;CURR;FXD;SWLEG;ESP;M_CRDTCHRG;20.000000000000;NULL;NULL;20201103034020;2020-12-30;Mx3EU
19665185;18622136;29395508;CURR;FXD;SWLEG;ESP;M_LIQDTYCHRG;20.000000000000;NULL;NULL;20201103034020;2020-12-30;Mx3EU
19665185;18622136;29395508;CURR;FXD;SWLEG;ESP;M_DISCMARGIN;0.000000000000;NULL;NULL;20201103034020;2020-12-30;Mx3EU
19665185;18622136;29395508;CURR;FXD;SWLEG;ESP;M_CLIENT;NULL;NULL;NULL;20201103034020;2020-12-30;Mx3EU
19665185;18622136;29395508;CURR;FXD;SWLEG;ESP;M_DIRECTIAV;1200.000000000000;NULL;NULL;20201103034020;2020-12-30;Mx3EU
19665185;18622136;29395508;CURR;FXD;SWLEG;ESP;M_SELLER;NULL;LB_VSTAVRE;NULL;20201103034020;2020-12-30;Mx3EU
19665185;18622136;29395508;CURR;FXD;SWLEG;ESP;M_SUCURSAL;NULL;5493;NULL;20201103034020;2020-12-30;Mx3EU
19665185;18622136;29395508;CURR;FXD;SWLEG;ESP;M_RVA;0.000000000000;NULL;NULL;20201103034020;2020-12-30;Mx3EU
19665185;18622136;29395508;CURR;FXD;SWLEG;ESP;M_CCY;NULL;;NULL;20201103034020;2020-12-30;Mx3EU
19665186;18622136;29395509;CURR;FXD;SWLEG;ESP;M_LIQDTYCHRG;20.000000000000;NULL;NULL;20201103034020;2020-12-30;Mx3EU
19665186;18622136;29395509;CURR;FXD;SWLEG;ESP;M_DISCMARGIN;100;NULL;NULL;20201103034020;2020-12-30;Mx3EU
19665186;18622136;29395509;CURR;FXD;SWLEG;ESP;M_SELLER;NULL;LB_VSTAVRE;NULL;20201103034020;2020-12-30;Mx3EU
19665186;18622136;29395509;CURR;FXD;SWLEG;ESP;M_DIRECTIAV;1200.000000000000;NULL;NULL;20201103034020;2020-12-30;Mx3EU
19665186;18622136;29395509;CURR;FXD;SWLEG;ESP;M_CLIENT;NULL;NULL;NULL;20201103034020;2020-12-30;Mx3EU
19665186;18622136;29395509;CURR;FXD;SWLEG;ESP;M_MVA;0.000000000000;NULL;NULL;20201103034020;2020-12-30;Mx3EU
19665186;18622136;29395509;CURR;FXD;SWLEG;ESP;M_SUCURSAL;NULL;5493;NULL;20201103034020;2020-12-30;Mx3EU
19665186;18622136;29395509;CURR;FXD;SWLEG;ESP;M_RVA;0.000000000000;NULL;NULL;20201103034020;2020-12-30;Mx3EU
19665186;18622136;29395509;CURR;FXD;SWLEG;ESP;M_CRDTCHRG;20.000000000000;NULL;NULL;20201103034020;2020-12-30;Mx3EU
19665186;18622136;29395509;CURR;FXD;SWLEG;ESP;M_CCY;NULL;;NULL;20201103034020;2020-12-30;Mx3EU
19772399;18724280;29554564;CURR;FXD;SWLEG;ESP;M_DIRECTIAV;0.000000000000;NULL;NULL;20201110033853;2020-12-30;Mx3EU
19772399;18724280;29554564;CURR;FXD;SWLEG;ESP;M_SUCURSAL;NULL;1999;NULL;20201110033853;2020-12-30;Mx3EU
19772399;18724280;29554564;CURR;FXD;SWLEG;ESP;M_CLIENT;NULL;;NULL;20201110033853;2020-12-30;Mx3EU
19772399;18724280;29554564;CURR;FXD;SWLEG;ESP;M_RVA;0.000000000000;NULL;NULL;20201110033853;2020-12-30;Mx3EU
19772399;18724280;29554564;CURR;FXD;SWLEG;ESP;M_SELLER;NULL;LB_TLECLER;NULL;20201110033853;2020-12-30;Mx3EU
19772399;18724280;29554564;CURR;FXD;SWLEG;ESP;M_CRDTCHRG;0.000000000000;NULL;NULL;20201110033853;2020-12-30;Mx3EU
19772399;18724280;29554564;CURR;FXD;SWLEG;ESP;M_MVA;0.000000000000;NULL;NULL;20201110033853;2020-12-30;Mx3EU
19772399;18724280;29554564;CURR;FXD;SWLEG;ESP;M_LIQDTYCHRG;0.000000000000;NULL;NULL;20201110033853;2020-12-30;Mx3EU
19772399;18724280;29554564;CURR;FXD;SWLEG;ESP;M_DISCMARGIN;47.262000000000;NULL;NULL;20201110033853;2020-12-30;Mx3EU
19772399;18724280;29554564;CURR;FXD;SWLEG;ESP;M_CCY;NULL;;NULL;20201110033853;2020-12-30;Mx3EU
19772400;18724280;29554565;CURR;FXD;SWLEG;ESP;M_SELLER;NULL;LB_TLECLER;NULL;20201110033853;2020-12-30;Mx3EU
19772400;18724280;29554565;CURR;FXD;SWLEG;ESP;M_DIRECTIAV;0.000000000000;NULL;NULL;20201110033853;2020-12-30;Mx3EU
19772400;18724280;29554565;CURR;FXD;SWLEG;ESP;M_MVA;0.000000000000;NULL;NULL;20201110033853;2020-12-30;Mx3EU
19772400;18724280;29554565;CURR;FXD;SWLEG;ESP;M_DISCMARGIN;47.262000000000;NULL;NULL;20201110033853;2020-12-30;Mx3EU
19772400;18724280;29554565;CURR;FXD;SWLEG;ESP;M_LIQDTYCHRG;30;NULL;NULL;20201110033853;2020-12-30;Mx3EU
19772400;18724280;29554565;CURR;FXD;SWLEG;ESP;M_CLIENT;NULL;;NULL;20201110033853;2020-12-30;Mx3EU
19772400;18724280;29554565;CURR;FXD;SWLEG;ESP;M_SUCURSAL;NULL;1999;NULL;20201110033853;2020-12-30;Mx3EU
19772400;18724280;29554565;CURR;FXD;SWLEG;ESP;M_CRDTCHRG;10;NULL;NULL;20201110033853;2020-12-30;Mx3EU
19772400;18724280;29554565;CURR;FXD;SWLEG;ESP;M_RVA;0.000000000000;NULL;NULL;20201110033853;2020-12-30;Mx3EU
19772400;18724280;29554565;CURR;FXD;SWLEG;ESP;M_CCY;NULL;;NULL;20201110033853;2020-12-30;Mx3EU
20090399;19028572;28786653;IRD;LN_BR;;ESP;M_LIQDTYCHRG;10;NULL;NULL;20201128041303;2020-12-30;Mx3EU
20090399;19028572;28786653;IRD;LN_BR;;ESP;M_RVA;10;NULL;NULL;20201128041303;2020-12-30;Mx3EU
20090399;19028572;28786653;IRD;LN_BR;;ESP;M_SELLER;NULL;;NULL;20201128041303;2020-12-30;Mx3EU
20090399;19028572;28786653;IRD;LN_BR;;ESP;M_DIRECTIAV;20;NULL;NULL;20201128041303;2020-12-30;Mx3EU
20090399;19028572;28786653;IRD;LN_BR;;ESP;M_CRDTCHRG;5;NULL;NULL;20201128041303;2020-12-30;Mx3EU
20090399;19028572;28786653;IRD;LN_BR;;ESP;M_SUCURSAL;NULL;;NULL;20201128041303;2020-12-30;Mx3EU
20090399;19028572;28786653;IRD;LN_BR;;ESP;M_CLIENT;NULL;;NULL;20201128041303;2020-12-30;Mx3EU
20090399;19028572;28786653;IRD;LN_BR;;ESP;M_DISCMARGIN;100;NULL;NULL;20201128041303;2020-12-30;Mx3EU
20090399;19028572;28786653;IRD;LN_BR;;ESP;M_MVA;10;NULL;NULL;20201128041303;2020-12-30;Mx3EU
20090399;19028572;28786653;IRD;LN_BR;;ESP;M_CCY;NULL;;NULL;20201128041303;2020-12-30;Mx3EU
20513130;19433281;30624160;IRD;CF;;ESP;M_CRDTCHRG;0.000000000000;NULL;NULL;20210203032054;2020-12-30;Mx3EU
20513130;19433281;30624160;IRD;CF;;ESP;M_SELLER;NULL;WATT;NULL;20210203032054;2020-12-30;Mx3EU
20513130;19433281;30624160;IRD;CF;;ESP;M_LIQDTYCHRG;0.000000000000;NULL;NULL;20210203032054;2020-12-30;Mx3EU
20513130;19433281;30624160;IRD;CF;;ESP;M_MVA;20;NULL;NULL;20210203032054;2020-12-30;Mx3EU
20513130;19433281;30624160;IRD;CF;;ESP;M_SUCURSAL;NULL;5493;NULL;20210203032054;2020-12-30;Mx3EU
20513130;19433281;30624160;IRD;CF;;ESP;M_RVA;0.000000000000;NULL;NULL;20210203032054;2020-12-30;Mx3EU
20513130;19433281;30624160;IRD;CF;;ESP;M_DIRECTIAV;0.000000000000;NULL;NULL;20210203032054;2020-12-30;Mx3EU
20513130;19433281;30624160;IRD;CF;;ESP;M_CLIENT;NULL;CCMO;NULL;20210203032054;2020-12-30;Mx3EU
20513130;19433281;30624160;IRD;CF;;ESP;M_DISCMARGIN;10;NULL;NULL;20210203032054;2020-12-30;Mx3EU
20533916;19453781;30646157;IRD;CF;;ESP;M_CRDTCHRG;0.000000000000;NULL;NULL;20210203032054;2020-12-30;Mx3EU
20533916;19453781;30646157;IRD;CF;;ESP;M_SELLER;NULL;WATT;NULL;20210203032054;2020-12-30;Mx3EU
20533916;19453781;30646157;IRD;CF;;ESP;M_LIQDTYCHRG;0.000000000000;NULL;NULL;20210203032054;2020-12-30;Mx3EU
20533916;19453781;30646157;IRD;CF;;ESP;M_MVA;30;NULL;NULL;20210203032054;2020-12-30;Mx3EU
20533916;19453781;30646157;IRD;CF;;ESP;M_SUCURSAL;NULL;1999;NULL;20210203032054;2020-12-30;Mx3EU
20533916;19453781;30646157;IRD;CF;;ESP;M_RVA;0.000000000000;NULL;NULL;20210203032054;2020-12-30;Mx3EU
20533916;19453781;30646157;IRD;CF;;ESP;M_DIRECTIAV;0.000000000000;NULL;NULL;20210203032054;2020-12-30;Mx3EU
20533916;19453781;30646157;IRD;CF;;ESP;M_CLIENT;NULL;CCMO;NULL;20210203032054;2020-12-30;Mx3EU
20533916;19453781;30646157;IRD;CF;;ESP;M_DISCMARGIN;50;NULL;NULL;20210203032054;2020-12-30;Mx3EU
20942931;19846781;31278333;CURR;FXD;SWLEG;ESP;M_DIRECTIAV;100.000000000000;NULL;NULL;20210119034531;2020-12-30;Mx3EU
20942931;19846781;31278333;CURR;FXD;SWLEG;ESP;M_CRDTCHRG;0.000000000000;NULL;NULL;20210119034531;2020-12-30;Mx3EU
20942931;19846781;31278333;CURR;FXD;SWLEG;ESP;M_MVA;0.000000000000;NULL;NULL;20210119034531;2020-12-30;Mx3EU
20942931;19846781;31278333;CURR;FXD;SWLEG;ESP;M_SUCURSAL;NULL;1999;NULL;20210119034531;2020-12-30;Mx3EU
20942931;19846781;31278333;CURR;FXD;SWLEG;ESP;M_LIQDTYCHRG;0.000000000000;NULL;NULL;20210119034531;2020-12-30;Mx3EU
20942931;19846781;31278333;CURR;FXD;SWLEG;ESP;M_RVA;0.000000000000;NULL;NULL;20210119034531;2020-12-30;Mx3EU
20942931;19846781;31278333;CURR;FXD;SWLEG;ESP;M_CLIENT;NULL;;NULL;20210119034531;2020-12-30;Mx3EU
20942931;19846781;31278333;CURR;FXD;SWLEG;ESP;M_SELLER;NULL;SELLER 11;NULL;20210119034531;2020-12-30;Mx3EU
20942931;19846781;31278333;CURR;FXD;SWLEG;ESP;M_DISCMARGIN;0.000000000000;NULL;NULL;20210119034531;2020-12-30;Mx3EU
20942931;19846781;31278333;CURR;FXD;SWLEG;ESP;M_CCY;NULL;;NULL;20210119034531;2020-12-30;Mx3EU
20942932;19846781;31278334;CURR;FXD;SWLEG;ESP;M_SELLER;NULL;SELLER 11;NULL;20210119034531;2020-12-30;Mx3EU
20942932;19846781;31278334;CURR;FXD;SWLEG;ESP;M_SUCURSAL;NULL;1999;NULL;20210119034531;2020-12-30;Mx3EU
20942932;19846781;31278334;CURR;FXD;SWLEG;ESP;M_CLIENT;NULL;;NULL;20210119034531;2020-12-30;Mx3EU
20942932;19846781;31278334;CURR;FXD;SWLEG;ESP;M_CRDTCHRG;100.000000000000;NULL;NULL;20210119034531;2020-12-30;Mx3EU
20942932;19846781;31278334;CURR;FXD;SWLEG;ESP;M_DISCMARGIN;0.000000000000;NULL;NULL;20210119034531;2020-12-30;Mx3EU
20942932;19846781;31278334;CURR;FXD;SWLEG;ESP;M_LIQDTYCHRG;0.000000000000;NULL;NULL;20210119034531;2020-12-30;Mx3EU
20942932;19846781;31278334;CURR;FXD;SWLEG;ESP;M_RVA;0.000000000000;NULL;NULL;20210119034531;2020-12-30;Mx3EU
20942932;19846781;31278334;CURR;FXD;SWLEG;ESP;M_DIRECTIAV;0.000000000000;NULL;NULL;20210119034531;2020-12-30;Mx3EU
20942932;19846781;31278334;CURR;FXD;SWLEG;ESP;M_MVA;0.000000000000;NULL;NULL;20210119034531;2020-12-30;Mx3EU
20942932;19846781;31278334;CURR;FXD;SWLEG;ESP;M_CCY;NULL;;NULL;20210119034531;2020-12-30;Mx3EU
20980932;19883451;31338228;CURR;FXD;SWLEG;ESP;M_MVA;0.000000000000;NULL;NULL;20210121055954;2020-12-30;Mx3EU
20980932;19883451;31338228;CURR;FXD;SWLEG;ESP;M_DIRECTIAV;0.000000000000;NULL;NULL;20210121055954;2020-12-30;Mx3EU
20980932;19883451;31338228;CURR;FXD;SWLEG;ESP;M_LIQDTYCHRG;20.000000000000;NULL;NULL;20210121055954;2020-12-30;Mx3EU
20980932;19883451;31338228;CURR;FXD;SWLEG;ESP;M_CRDTCHRG;20.000000000000;NULL;NULL;20210121055954;2020-12-30;Mx3EU
20980932;19883451;31338228;CURR;FXD;SWLEG;ESP;M_SUCURSAL;NULL;1999;NULL;20210121055954;2020-12-30;Mx3EU
20980932;19883451;31338228;CURR;FXD;SWLEG;ESP;M_DISCMARGIN;0.112000000000;NULL;NULL;20210121055954;2020-12-30;Mx3EU
20980932;19883451;31338228;CURR;FXD;SWLEG;ESP;M_RVA;0.000000000000;NULL;NULL;20210121055954;2020-12-30;Mx3EU
20980932;19883451;31338228;CURR;FXD;SWLEG;ESP;M_CLIENT;NULL;;NULL;20210121055954;2020-12-30;Mx3EU
20980932;19883451;31338228;CURR;FXD;SWLEG;ESP;M_SELLER;NULL;CE_NGIRARD;NULL;20210121055954;2020-12-30;Mx3EU
20980932;19883451;31338228;CURR;FXD;SWLEG;ESP;M_CCY;NULL;USD;NULL;20210121055954;2020-12-30;Mx3EU
20980933;19883451;31338229;CURR;FXD;SWLEG;ESP;M_MVA;0.000000000000;NULL;NULL;20210121055954;2020-12-30;Mx3EU
20980933;19883451;31338229;CURR;FXD;SWLEG;ESP;M_DISCMARGIN;0.112000000000;NULL;NULL;20210121055954;2020-12-30;Mx3EU
20980933;19883451;31338229;CURR;FXD;SWLEG;ESP;M_SELLER;NULL;CE_NGIRARD;NULL;20210121055954;2020-12-30;Mx3EU
20980933;19883451;31338229;CURR;FXD;SWLEG;ESP;M_LIQDTYCHRG;20.000000000000;NULL;NULL;20210121055954;2020-12-30;Mx3EU
20980933;19883451;31338229;CURR;FXD;SWLEG;ESP;M_DIRECTIAV;0.000000000000;NULL;NULL;20210121055954;2020-12-30;Mx3EU
20980933;19883451;31338229;CURR;FXD;SWLEG;ESP;M_CRDTCHRG;20.000000000000;NULL;NULL;20210121055954;2020-12-30;Mx3EU
20980933;19883451;31338229;CURR;FXD;SWLEG;ESP;M_SUCURSAL;NULL;1999;NULL;20210121055954;2020-12-30;Mx3EU
20980933;19883451;31338229;CURR;FXD;SWLEG;ESP;M_RVA;0.000000000000;NULL;NULL;20210121055954;2020-12-30;Mx3EU
20980933;19883451;31338229;CURR;FXD;SWLEG;ESP;M_CLIENT;NULL;;NULL;20210121055954;2020-12-30;Mx3EU
20980933;19883451;31338229;CURR;FXD;SWLEG;ESP;M_CCY;NULL;;NULL;20210121055954;2020-12-30;Mx3EU
21183317;20077630;31648639;IRD;IRS;;ESP;M_CRDTCHRG;100.000000000000;NULL;NULL;20210203032054;2020-12-30;Mx3EU
21183317;20077630;31648639;IRD;IRS;;ESP;M_SELLER;NULL;SELLER 10;NULL;20210203032054;2020-12-30;Mx3EU
21183317;20077630;31648639;IRD;IRS;;ESP;M_LIQDTYCHRG;0.000000000000;NULL;NULL;20210203032054;2020-12-30;Mx3EU
21183317;20077630;31648639;IRD;IRS;;ESP;M_MVA;0.000000000000;NULL;NULL;20210203032054;2020-12-30;Mx3EU
21183317;20077630;31648639;IRD;IRS;;ESP;M_SUCURSAL;NULL;;NULL;20210203032054;2020-12-30;Mx3EU
21183317;20077630;31648639;IRD;IRS;;ESP;M_RVA;0.000000000000;NULL;NULL;20210203032054;2020-12-30;Mx3EU
21183317;20077630;31648639;IRD;IRS;;ESP;M_DIRECTIAV;0.000000000000;NULL;NULL;20210203032054;2020-12-30;Mx3EU
21183317;20077630;31648639;IRD;IRS;;ESP;M_CLIENT;NULL;;NULL;20210203032054;2020-12-30;Mx3EU
21183317;20077630;31648639;IRD;IRS;;ESP;M_DISCMARGIN;0.000000000000;NULL;NULL;20210203032054;2020-12-30;Mx3EU
21183317;20077630;31648639;IRD;IRS;;ESP;M_CCY;NULL;;NULL;20210203032054;2020-12-30;Mx3EU
21321178;20209916;31870072;CURR;FXD;FXD;ESP;M_CCY;NULL;USD;NULL;20210206031326;2020-12-30;Mx3EU
21321178;20209916;31870072;CURR;FXD;FXD;ESP;M_DIRECTIAV;0.000000000000;NULL;NULL;20210206031326;2020-12-30;Mx3EU
21321178;20209916;31870072;CURR;FXD;FXD;ESP;M_SELLER;NULL;AMAM;NULL;20210206031326;2020-12-30;Mx3EU
21529916;20410690;32195132;CURR;FXD;SWLEG;ESP;M_CLIENT;NULL;;NULL;20210220031554;2020-12-30;Mx3EU
21529916;20410690;32195132;CURR;FXD;SWLEG;ESP;M_DISCMARGIN;0.000000000000;NULL;NULL;20210220031554;2020-12-30;Mx3EU
21529916;20410690;32195132;CURR;FXD;SWLEG;ESP;M_SELLER;NULL;SOV_GSM;NULL;20210220031554;2020-12-30;Mx3EU
21529916;20410690;32195132;CURR;FXD;SWLEG;ESP;M_SUCURSAL;NULL;1999;NULL;20210220031554;2020-12-30;Mx3EU
21529916;20410690;32195132;CURR;FXD;SWLEG;ESP;M_DIRECTIAV;0.000000000000;NULL;NULL;20210220031554;2020-12-30;Mx3EU
21529916;20410690;32195132;CURR;FXD;SWLEG;ESP;M_LIQDTYCHRG;0.000000000000;NULL;NULL;20210220031554;2020-12-30;Mx3EU
21529916;20410690;32195132;CURR;FXD;SWLEG;ESP;M_MVA;0.000000000000;NULL;NULL;20210220031554;2020-12-30;Mx3EU
21529916;20410690;32195132;CURR;FXD;SWLEG;ESP;M_CRDTCHRG;0.000000000000;NULL;NULL;20210220031554;2020-12-30;Mx3EU
21529916;20410690;32195132;CURR;FXD;SWLEG;ESP;M_RVA;0.000000000000;NULL;NULL;20210220031554;2020-12-30;Mx3EU
21529916;20410690;32195132;CURR;FXD;SWLEG;ESP;M_CCY;NULL;;NULL;20210220031554;2020-12-30;Mx3EU
21529917;20410690;32195133;CURR;FXD;SWLEG;ESP;M_SELLER;NULL;SOV_GSM;NULL;20210220031554;2020-12-30;Mx3EU
21529917;20410690;32195133;CURR;FXD;SWLEG;ESP;M_RVA;0.000000000000;NULL;NULL;20210220031554;2020-12-30;Mx3EU
21529917;20410690;32195133;CURR;FXD;SWLEG;ESP;M_MVA;0.000000000000;NULL;NULL;20210220031554;2020-12-30;Mx3EU
21529917;20410690;32195133;CURR;FXD;SWLEG;ESP;M_SUCURSAL;NULL;1999;NULL;20210220031554;2020-12-30;Mx3EU
21529917;20410690;32195133;CURR;FXD;SWLEG;ESP;M_CRDTCHRG;0.000000000000;NULL;NULL;20210220031554;2020-12-30;Mx3EU
21529917;20410690;32195133;CURR;FXD;SWLEG;ESP;M_DISCMARGIN;0.000000000000;NULL;NULL;20210220031554;2020-12-30;Mx3EU
21529917;20410690;32195133;CURR;FXD;SWLEG;ESP;M_CLIENT;NULL;;NULL;20210220031554;2020-12-30;Mx3EU
21529917;20410690;32195133;CURR;FXD;SWLEG;ESP;M_DIRECTIAV;0.000000000000;NULL;NULL;20210220031554;2020-12-30;Mx3EU
21529917;20410690;32195133;CURR;FXD;SWLEG;ESP;M_LIQDTYCHRG;0.000000000000;NULL;NULL;20210220031554;2020-12-30;Mx3EU
21529917;20410690;32195133;CURR;FXD;SWLEG;ESP;M_CCY;NULL;;NULL;20210220031554;2020-12-30;Mx3EU
21772250;20642570;32582699;CURR;FXD;FXD;ESP;M_CCY;NULL;EUR;NULL;20210309033508;2020-12-30;Mx3EU
21772250;20642570;32582699;CURR;FXD;FXD;ESP;M_DIRECTIAV;0.000000000000;NULL;NULL;20210309033508;2020-12-30;Mx3EU
21772250;20642570;32582699;CURR;FXD;FXD;ESP;M_SELLER;NULL;AMAM;NULL;20210309033508;2020-12-30;Mx3EU
22151902;21005080;33155436;CURR;FXD;FXD;ESP;M_CCY;NULL;EUR;NULL;20210331035233;2020-12-30;Mx3EU
22151902;21005080;33155436;CURR;FXD;FXD;ESP;M_DIRECTIAV;0.000000000000;NULL;NULL;20210331035233;2020-12-30;Mx3EU
22151902;21005080;33155436;CURR;FXD;FXD;ESP;M_SELLER;NULL;AMAM;NULL;20210331035233;2020-12-30;Mx3EU
22535815;21371900;33758940;CURR;FXD;SWLEG;ESP;M_CCY;NULL;EUR;NULL;20210423043651;2020-12-30;Mx3EU
22535815;21371900;33758940;CURR;FXD;SWLEG;ESP;M_DIRECTIAV;0.000000000000;NULL;NULL;20210423043651;2020-12-30;Mx3EU
22535815;21371900;33758940;CURR;FXD;SWLEG;ESP;M_SELLER;NULL;AMAM;NULL;20210423043651;2020-12-30;Mx3EU
22535816;21371900;33758941;CURR;FXD;SWLEG;ESP;M_CCY;NULL;EUR;NULL;20210423043651;2020-12-30;Mx3EU
22535816;21371900;33758941;CURR;FXD;SWLEG;ESP;M_DIRECTIAV;0.000000000000;NULL;NULL;20210423043651;2020-12-30;Mx3EU
22535816;21371900;33758941;CURR;FXD;SWLEG;ESP;M_SELLER;NULL;AMAM;NULL;20210423043651;2020-12-30;Mx3EU
22759961;21585952;34122910;CURR;FXD;SWLEG;ESP;M_CCY;NULL;EUR;NULL;20210507035719;2020-12-30;Mx3EU
22759961;21585952;34122910;CURR;FXD;SWLEG;ESP;M_DIRECTIAV;0.000000000000;NULL;NULL;20210507035719;2020-12-30;Mx3EU
22759961;21585952;34122910;CURR;FXD;SWLEG;ESP;M_SELLER;NULL;AMAM;NULL;20210507035719;2020-12-30;Mx3EU
22759962;21585952;34122911;CURR;FXD;SWLEG;ESP;M_CCY;NULL;EUR;NULL;20210507035719;2020-12-30;Mx3EU
22759962;21585952;34122911;CURR;FXD;SWLEG;ESP;M_DIRECTIAV;0.000000000000;NULL;NULL;20210507035719;2020-12-30;Mx3EU
22759962;21585952;34122911;CURR;FXD;SWLEG;ESP;M_SELLER;NULL;AMAM;NULL;20210507035719;2020-12-30;Mx3EU
22784054;21609144;34161469;CURR;FXD;FXD;ESP;M_CCY;NULL;EUR;NULL;20210508042150;2020-12-30;Mx3EU
22784054;21609144;34161469;CURR;FXD;FXD;ESP;M_DIRECTIAV;0.000000000000;NULL;NULL;20210508042150;2020-12-30;Mx3EU
22784054;21609144;34161469;CURR;FXD;FXD;ESP;M_SELLER;NULL;AMAM;NULL;20210508042150;2020-12-30;Mx3EU
22798004;21622649;34184610;CURR;FXD;SWLEG;ESP;M_CCY;NULL;EUR;NULL;20210508042150;2020-12-30;Mx3EU
22798004;21622649;34184610;CURR;FXD;SWLEG;ESP;M_DIRECTIAV;0.000000000000;NULL;NULL;20210508042150;2020-12-30;Mx3EU
22798004;21622649;34184610;CURR;FXD;SWLEG;ESP;M_SELLER;NULL;AMAM;NULL;20210508042150;2020-12-30;Mx3EU
22798005;21622649;34184611;CURR;FXD;SWLEG;ESP;M_CCY;NULL;EUR;NULL;20210508042150;2020-12-30;Mx3EU
22798005;21622649;34184611;CURR;FXD;SWLEG;ESP;M_DIRECTIAV;0.000000000000;NULL;NULL;20210508042150;2020-12-30;Mx3EU
22798005;21622649;34184611;CURR;FXD;SWLEG;ESP;M_SELLER;NULL;AMAM;NULL;20210508042150;2020-12-30;Mx3EU
22853656;21675861;34273355;CURR;FXD;FXD;ESP;M_CCY;NULL;BRL;NULL;20210511035214;2020-12-30;Mx3EU
22853656;21675861;34273355;CURR;FXD;FXD;ESP;M_DIRECTIAV;0.000000000000;NULL;NULL;20210511035214;2020-12-30;Mx3EU
22853656;21675861;34273355;CURR;FXD;FXD;ESP;M_SELLER;NULL;AMAM;NULL;20210511035214;2020-12-30;Mx3EU
22980629;21797751;34465893;CURR;FXD;SWLEG;ESP;M_CCY;NULL;EUR;NULL;20210520040549;2020-12-30;Mx3EU
22980629;21797751;34465893;CURR;FXD;SWLEG;ESP;M_DIRECTIAV;0.000000000000;NULL;NULL;20210520040549;2020-12-30;Mx3EU
22980629;21797751;34465893;CURR;FXD;SWLEG;ESP;M_SELLER;NULL;AMAM;NULL;20210520040549;2020-12-30;Mx3EU
22980630;21797751;34465894;CURR;FXD;SWLEG;ESP;M_CCY;NULL;EUR;NULL;20210520040549;2020-12-30;Mx3EU
22980630;21797751;34465894;CURR;FXD;SWLEG;ESP;M_DIRECTIAV;0.000000000000;NULL;NULL;20210520040549;2020-12-30;Mx3EU
22980630;21797751;34465894;CURR;FXD;SWLEG;ESP;M_SELLER;NULL;AMAM;NULL;20210520040549;2020-12-30;Mx3EU
23037161;21851927;34552219;CURR;FXD;SWLEG;ESP;M_CCY;NULL;EUR;;20210525034944;2020-12-30;Mx3EU
23037161;21851927;34552219;CURR;FXD;SWLEG;ESP;M_DIRECTIAV;0.000000000000;;;20210525034944;2020-12-30;Mx3EU
23037161;21851927;34552219;CURR;FXD;SWLEG;ESP;M_SELLER;NULL;AMAM;NULL;20210525034944;2020-12-30;Mx3EU
23037162;21851927;34552220;CURR;FXD;SWLEG;ESP;M_CCY;NULL;EUR;;20210525034944;2020-12-30;Mx3EU
23037162;21851927;34552220;CURR;FXD;SWLEG;ESP;M_DIRECTIAV;0.000000000000;;;20210525034944;2020-12-30;Mx3EU
23037162;21851927;34552220;CURR;FXD;SWLEG;ESP;M_SELLER;NULL;AMAM;NULL;20210525034944;2020-12-30;Mx3EU
23097010;21909700;34640252;CURR;FXD;FXD;ESP;M_CCY;NULL;EUR;;20210526034414;2020-12-30;Mx3EU
23097010;21909700;34640252;CURR;FXD;FXD;ESP;M_DIRECTIAV;0.000000000000;;;20210526034414;2020-12-30;Mx3EU
23097010;21909700;34640252;CURR;FXD;FXD;ESP;M_SELLER;NULL;AMAM;NULL;20210526034414;2020-12-30;Mx3EU
23126647;21938034;34684652;CURR;FXD;SWLEG;ESP;M_CCY;NULL;USD;;20210526034414;2020-12-30;Mx3EU
23126647;21938034;34684652;CURR;FXD;SWLEG;ESP;M_DIRECTIAV;0.000000000000;;;20210526034414;2020-12-30;Mx3EU
23126647;21938034;34684652;CURR;FXD;SWLEG;ESP;M_SELLER;NULL;AMAM;NULL;20210526034414;2020-12-30;Mx3EU
23126648;21938034;34684653;CURR;FXD;SWLEG;ESP;M_CCY;NULL;USD;;20210526034414;2020-12-30;Mx3EU
23126648;21938034;34684653;CURR;FXD;SWLEG;ESP;M_DIRECTIAV;0.000000000000;;;20210526034414;2020-12-30;Mx3EU
23126648;21938034;34684653;CURR;FXD;SWLEG;ESP;M_SELLER;NULL;AMAM;NULL;20210526034414;2020-12-30;Mx3EU
32734782;54853428;678125;CURR;FXD;FXD;ESP;M_CCY;NULL;EUR;;20210520040549;2020-12-30;Mx3EU
32734782;54853428;678125;CURR;FXD;FXD;ESP;M_DIRECTIAV;0.000000000000;NULL;NULL;20210520040549;2020-12-30;Mx3EU
32734782;54853428;678125;CURR;FXD;FXD;ESP;M_SELLER;NULL;AMAM;NULL;20210520040549;2020-12-30;Mx3EU
33333333;33333333;33333333;IRD;IRS;;ESP;M_CRDTCHRG;0.000000000000;NULL;NULL;20210203032054;2020-12-30;Mx3EU
33333333;33333333;33333333;IRD;IRS;;ESP;M_SELLER;NULL;SSSSSSS;NULL;20210203032054;2020-12-30;Mx3EU
33333333;33333333;33333333;IRD;IRS;;ESP;M_LIQDTYCHRG;0.000000000000;NULL;NULL;20210203032054;2020-12-30;Mx3EU
33333333;33333333;33333333;IRD;IRS;;ESP;M_MVA;0.000000000000;NULL;NULL;20210203032054;2020-12-30;Mx3EU
33333333;33333333;33333333;IRD;IRS;;ESP;M_SUCURSAL;NULL;;NULL;20210203032054;2020-12-30;Mx3EU
33333333;33333333;33333333;IRD;IRS;;ESP;M_RVA;0.000000000000;NULL;NULL;20210203032054;2020-12-30;Mx3EU
33333333;33333333;33333333;IRD;IRS;;ESP;M_DIRECTIAV;0.000000000000;NULL;NULL;20210203032054;2020-12-30;Mx3EU
33333333;33333333;33333333;IRD;IRS;;ESP;M_CLIENT;NULL;;NULL;20210203032054;2020-12-30;Mx3EU
33333333;33333333;33333333;IRD;IRS;;ESP;M_DISCMARGIN;0.000000000000;NULL;NULL;20210203032054;2020-12-30;Mx3EU
33333333;33333333;33333333;IRD;IRS;;ESP;M_CCY;NULL;;NULL;20210203032054;2020-12-30;Mx3EU
46835781;423411234;7658453;CURR;FXD;FXD;ESP;M_CCY;NULL;EUR;NULL;20210309033508;2020-12-30;Mx3EU
46835781;423411234;7658453;CURR;FXD;FXD;ESP;M_DIRECTIAV;0.000000000000;NULL;NULL;20210309033508;2020-12-30;Mx3EU
46835781;423411234;7658453;CURR;FXD;FXD;ESP;M_SELLER;NULL;AMAM;NULL;20210309033508;2020-12-30;Mx3EU
67843276;91284178;2314421;CURR;FXD;FXD;ESP;M_CCY;NULL;EUR;NULL;20210508042150;2020-12-30;Mx3EU
67843276;91284178;2314421;CURR;FXD;FXD;ESP;M_DIRECTIAV;0.000000000000;NULL;NULL;20210508042150;2020-12-30;Mx3EU
67843276;91284178;2314421;CURR;FXD;FXD;ESP;M_SELLER;NULL;AMAM;NULL;20210508042150;2020-12-30;Mx3EU
79831432;78667176;4325513;CURR;FXD;FXD;ESP;M_CCY;NULL;EUR;;20210526034414;2020-12-30;Mx3EU
79831432;78667176;4325513;CURR;FXD;FXD;ESP;M_DIRECTIAV;0.000000000000;NULL;NULL;20210526034414;2020-12-30;Mx3EU
79831432;78667176;4325513;CURR;FXD;FXD;ESP;M_SELLER;NULL;AMAM;NULL;20210526034414;2020-12-30;Mx3EU
111222333;111222333;111222333;IRD;IRS;;ESP;M_CRDTCHRG;0.000000000000;NULL;NULL;20210203032054;2020-12-30;Mx3EU
111222333;111222333;111222333;IRD;IRS;;ESP;M_SELLER;NULL;VVVVVV;NULL;20210203032054;2020-12-30;Mx3EU
111222333;111222333;111222333;IRD;IRS;;ESP;M_LIQDTYCHRG;0.000000000000;NULL;NULL;20210203032054;2020-12-30;Mx3EU
111222333;111222333;111222333;IRD;IRS;;ESP;M_MVA;20;NULL;NULL;20210203032054;2020-12-30;Mx3EU
111222333;111222333;111222333;IRD;IRS;;ESP;M_SUCURSAL;NULL;1212;NULL;20210203032054;2020-12-30;Mx3EU
111222333;111222333;111222333;IRD;IRS;;ESP;M_RVA;8956;NULL;NULL;20210203032054;2020-12-30;Mx3EU
111222333;111222333;111222333;IRD;IRS;;ESP;M_DIRECTIAV;9056;NULL;NULL;20210203032054;2020-12-30;Mx3EU
111222333;111222333;111222333;IRD;IRS;;ESP;M_CLIENT;NULL;MMMM;NULL;20210203032054;2020-12-30;Mx3EU
111222333;111222333;111222333;IRD;IRS;;ESP;M_DISCMARGIN;0.000000000000;NULL;NULL;20210203032054;2020-12-30;Mx3EU
222333111;222333111;222333111;IRD;IRS;;ESP;M_CRDTCHRG;0.000000000000;NULL;NULL;20210203032054;2020-12-30;Mx3EU
222333111;222333111;222333111;IRD;IRS;;ESP;M_SELLER;NULL;VVVVVV;NULL;20210203032054;2020-12-30;Mx3EU
222333111;222333111;222333111;IRD;IRS;;ESP;M_LIQDTYCHRG;0.000000000000;NULL;NULL;20210203032054;2020-12-30;Mx3EU
222333111;222333111;222333111;IRD;IRS;;ESP;M_MVA;20;NULL;NULL;20210203032054;2020-12-30;Mx3EU
222333111;222333111;222333111;IRD;IRS;;ESP;M_SUCURSAL;NULL;1212;NULL;20210203032054;2020-12-30;Mx3EU
222333111;222333111;222333111;IRD;IRS;;ESP;M_RVA;8956;NULL;NULL;20210203032054;2020-12-30;Mx3EU
222333111;222333111;222333111;IRD;IRS;;ESP;M_DIRECTIAV;9056;NULL;NULL;20210203032054;2020-12-30;Mx3EU
222333111;222333111;222333111;IRD;IRS;;ESP;M_CLIENT;NULL;MMMM;NULL;20210203032054;2020-12-30;Mx3EU
222333111;222333111;222333111;IRD;IRS;;ESP;M_DISCMARGIN;0.000000000000;NULL;NULL;20210203032054;2020-12-30;Mx3EU
316391872;678876251;8675369;CURR;FXD;FXD;ESP;M_CCY;NULL;EUR;;20210525034944;2020-12-30;Mx3EU
316391872;678876251;8675369;CURR;FXD;FXD;ESP;M_DIRECTIAV;0.000000000000;NULL;NULL;20210525034944;2020-12-30;Mx3EU
316391872;678876251;8675369;CURR;FXD;FXD;ESP;M_SELLER;NULL;AMAM;NULL;20210525034944;2020-12-30;Mx3EU
333111222;333111222;333111222;IRD;IRS;;ESP;M_CRDTCHRG;0.000000000000;NULL;NULL;20210203032054;2020-12-30;Mx3EU
333111222;333111222;333111222;IRD;IRS;;ESP;M_SELLER;NULL;VVVVVV;NULL;20210203032054;2020-12-30;Mx3EU
333111222;333111222;333111222;IRD;IRS;;ESP;M_LIQDTYCHRG;0.000000000000;NULL;NULL;20210203032054;2020-12-30;Mx3EU
333111222;333111222;333111222;IRD;IRS;;ESP;M_MVA;20;NULL;NULL;20210203032054;2020-12-30;Mx3EU
333111222;333111222;333111222;IRD;IRS;;ESP;M_SUCURSAL;NULL;1212;NULL;20210203032054;2020-12-30;Mx3EU
333111222;333111222;333111222;IRD;IRS;;ESP;M_RVA;8956;NULL;NULL;20210203032054;2020-12-30;Mx3EU
333111222;333111222;333111222;IRD;IRS;;ESP;M_DIRECTIAV;9056;NULL;NULL;20210203032054;2020-12-30;Mx3EU
333111222;333111222;333111222;IRD;IRS;;ESP;M_CLIENT;NULL;MMMM;NULL;20210203032054;2020-12-30;Mx3EU
333111222;333111222;333111222;IRD;IRS;;ESP;M_DISCMARGIN;0.000000000000;NULL;NULL;20210203032054;2020-12-30;Mx3EU
444111222;444111222;444111222;IRD;IRS;;ESP;M_CRDTCHRG;0.000000000000;NULL;NULL;20210203032054;2020-12-30;Mx3EU
444111222;444111222;444111222;IRD;IRS;;ESP;M_SELLER;NULL;VVVVVV;NULL;20210203032054;2020-12-30;Mx3EU
444111222;444111222;444111222;IRD;IRS;;ESP;M_LIQDTYCHRG;0.000000000000;NULL;NULL;20210203032054;2020-12-30;Mx3EU
444111222;444111222;444111222;IRD;IRS;;ESP;M_MVA;20;NULL;NULL;20210203032054;2020-12-30;Mx3EU
444111222;444111222;444111222;IRD;IRS;;ESP;M_SUCURSAL;NULL;1212;NULL;20210203032054;2020-12-30;Mx3EU
444111222;444111222;444111222;IRD;IRS;;ESP;M_RVA;8956;NULL;NULL;20210203032054;2020-12-30;Mx3EU
444111222;444111222;444111222;IRD;IRS;;ESP;M_DIRECTIAV;9056;NULL;NULL;20210203032054;2020-12-30;Mx3EU
444111222;444111222;444111222;IRD;IRS;;ESP;M_CLIENT;NULL;MMMM;NULL;20210203032054;2020-12-30;Mx3EU
444111222;444111222;444111222;IRD;IRS;;ESP;M_DISCMARGIN;0.000000000000;NULL;NULL;20210203032054;2020-12-30;Mx3EU
555111222;555111222;555111222;IRD;IRS;;ESP;M_CRDTCHRG;30.000000000000;NULL;NULL;20210203032054;2020-12-30;Mx3EU
555111222;555111222;555111222;IRD;IRS;;ESP;M_SELLER;NULL;LB_TLECLER;NULL;20210203032054;2020-12-30;Mx3EU
555111222;555111222;555111222;IRD;IRS;;ESP;M_LIQDTYCHRG;50.000000000000;NULL;NULL;20210203032054;2020-12-30;Mx3EU
555111222;555111222;555111222;IRD;IRS;;ESP;M_MVA;20;NULL;NULL;20210203032054;2020-12-30;Mx3EU
555111222;555111222;555111222;IRD;IRS;;ESP;M_SUCURSAL;NULL;1999;NULL;20210203032054;2020-12-30;Mx3EU
555111222;555111222;555111222;IRD;IRS;;ESP;M_RVA;0.000000000000;NULL;NULL;20210203032054;2020-12-30;Mx3EU
555111222;555111222;555111222;IRD;IRS;;ESP;M_DIRECTIAV;0.000000000000;NULL;NULL;20210203032054;2020-12-30;Mx3EU
555111222;555111222;555111222;IRD;IRS;;ESP;M_CLIENT;NULL;;NULL;20210203032054;2020-12-30;Mx3EU
555111222;555111222;555111222;IRD;IRS;;ESP;M_DISCMARGIN;10;NULL;NULL;20210203032054;2020-12-30;Mx3EU
555111222;555111222;555111222;IRD;IRS;;ESP;M_CCY;NULL;USD;NULL;20210203032054;2020-12-30;Mx3EU
564367838;564367838;564367838;IRD;IRS;;ESP;M_CRDTCHRG;234;NULL;NULL;20210203032054;2020-12-30;Mx3EU
564367838;564367838;564367838;IRD;IRS;;ESP;M_SELLER;NULL;VVVVVV;NULL;20210203032054;2020-12-30;Mx3EU
564367838;564367838;564367838;IRD;IRS;;ESP;M_LIQDTYCHRG;657;NULL;NULL;20210203032054;2020-12-30;Mx3EU
564367838;564367838;564367838;IRD;IRS;;ESP;M_MVA;20;NULL;NULL;20210203032054;2020-12-30;Mx3EU
564367838;564367838;564367838;IRD;IRS;;ESP;M_SUCURSAL;NULL;1212;NULL;20210203032054;2020-12-30;Mx3EU
564367838;564367838;564367838;IRD;IRS;;ESP;M_RVA;8956;NULL;NULL;20210203032054;2020-12-30;Mx3EU
564367838;564367838;564367838;IRD;IRS;;ESP;M_DIRECTIAV;9056;NULL;NULL;20210203032054;2020-12-30;Mx3EU
564367838;564367838;564367838;IRD;IRS;;ESP;M_CLIENT;NULL;MMMM;NULL;20210203032054;2020-12-30;Mx3EU
564367838;564367838;564367838;IRD;IRS;;ESP;M_DISCMARGIN;10;NULL;NULL;20210203032054;2020-12-30;Mx3EU
67324678326;68967867857;31312414;CURR;FXD;FXD;ESP;M_CCY;NULL;EUR;;20210525034944;2020-12-30;Mx3EU
67324678326;68967867857;31312414;CURR;FXD;FXD;ESP;M_DIRECTIAV;45;NULL;NULL;20210525034944;2020-12-30;Mx3EU
67324678326;68967867857;31312414;CURR;FXD;FXD;ESP;M_SELLER;NULL;AMAM;NULL;20210525034944;2020-12-30;Mx3EU
20665177;19622128;30395500;CURR;FXD;SWLEG;ESP;M_MVA;0.000000000000;NULL;NULL;20201103034020;2020-12-30;Mx3EU
20665177;19622128;30395500;CURR;FXD;SWLEG;ESP;M_CRDTCHRG;20.000000000000;NULL;NULL;20201103034020;2020-12-30;Mx3EU
20665177;19622128;30395500;CURR;FXD;SWLEG;ESP;M_LIQDTYCHRG;20.000000000000;NULL;NULL;20201103034020;2020-12-30;Mx3EU
20665177;19622128;30395500;CURR;FXD;SWLEG;ESP;M_DISCMARGIN;0.000000000000;NULL;NULL;20201103034020;2020-12-30;Mx3EU
20665177;19622128;30395500;CURR;FXD;SWLEG;ESP;M_CLIENT;NULL;NULL;NULL;20201103034020;2020-12-30;Mx3EU
20665177;19622128;30395500;CURR;FXD;SWLEG;ESP;M_DIRECTIAV;1200.000000000000;NULL;NULL;20201103034020;2020-12-30;Mx3EU
20665177;19622128;30395500;CURR;FXD;SWLEG;ESP;M_SELLER;NULL;LB_VSTAVRE;NULL;20201103034020;2020-12-30;Mx3EU
20665177;19622128;30395500;CURR;FXD;SWLEG;ESP;M_SUCURSAL;NULL;5493;NULL;20201103034020;2020-12-30;Mx3EU
20665177;19622128;30395500;CURR;FXD;SWLEG;ESP;M_RVA;0.000000000000;NULL;NULL;20201103034020;2020-12-30;Mx3EU
20665177;19622128;30395500;CURR;FXD;SWLEG;ESP;M_CCY;NULL;;NULL;20201103034020;2020-12-30;Mx3EU
20665178;19622128;30395501;CURR;FXD;SWLEG;ESP;M_LIQDTYCHRG;20.000000000000;NULL;NULL;20201103034020;2020-12-30;Mx3EU
20665178;19622128;30395501;CURR;FXD;SWLEG;ESP;M_DISCMARGIN;100;NULL;NULL;20201103034020;2020-12-30;Mx3EU
20665178;19622128;30395501;CURR;FXD;SWLEG;ESP;M_SELLER;NULL;LB_VSTAVRE;NULL;20201103034020;2020-12-30;Mx3EU
20665178;19622128;30395501;CURR;FXD;SWLEG;ESP;M_DIRECTIAV;1200.000000000000;NULL;NULL;20201103034020;2020-12-30;Mx3EU
20665178;19622128;30395501;CURR;FXD;SWLEG;ESP;M_CLIENT;NULL;NULL;NULL;20201103034020;2020-12-30;Mx3EU
20665178;19622128;30395501;CURR;FXD;SWLEG;ESP;M_MVA;0.000000000000;NULL;NULL;20201103034020;2020-12-30;Mx3EU
20665178;19622128;30395501;CURR;FXD;SWLEG;ESP;M_SUCURSAL;NULL;5493;NULL;20201103034020;2020-12-30;Mx3EU
20665178;19622128;30395501;CURR;FXD;SWLEG;ESP;M_RVA;0.000000000000;NULL;NULL;20201103034020;2020-12-30;Mx3EU
20665178;19622128;30395501;CURR;FXD;SWLEG;ESP;M_CRDTCHRG;20.000000000000;NULL;NULL;20201103034020;2020-12-30;Mx3EU
20665178;19622128;30395501;CURR;FXD;SWLEG;ESP;M_CCY;NULL;;NULL;20201103034020;2020-12-30;Mx3EU
556111214;556111214;556111214;IRD;IRS;;ESP;M_CRDTCHRG;30.000000000000;NULL;NULL;20210203032054;2020-12-30;Mx3EU
556111214;556111214;556111214;IRD;IRS;;ESP;M_SELLER;NULL;LB_TLECLER;NULL;20210203032054;2020-12-30;Mx3EU
556111214;556111214;556111214;IRD;IRS;;ESP;M_LIQDTYCHRG;50.000000000000;NULL;NULL;20210203032054;2020-12-30;Mx3EU
556111214;556111214;556111214;IRD;IRS;;ESP;M_MVA;20;NULL;NULL;20210203032054;2020-12-30;Mx3EU
556111214;556111214;556111214;IRD;IRS;;ESP;M_SUCURSAL;NULL;1999;NULL;20210203032054;2020-12-30;Mx3EU
556111214;556111214;556111214;IRD;IRS;;ESP;M_RVA;0.000000000000;NULL;NULL;20210203032054;2020-12-30;Mx3EU
556111214;556111214;556111214;IRD;IRS;;ESP;M_DIRECTIAV;0.000000000000;NULL;NULL;20210203032054;2020-12-30;Mx3EU
556111214;556111214;556111214;IRD;IRS;;ESP;M_CLIENT;NULL;;NULL;20210203032054;2020-12-30;Mx3EU
556111214;556111214;556111214;IRD;IRS;;ESP;M_DISCMARGIN;10;NULL;NULL;20210203032054;2020-12-30;Mx3EU
556111214;556111214;556111214;IRD;IRS;;ESP;M_CCY;NULL;USD;NULL;20210203032054;2020-12-30;Mx3EU
10000001;10000001;10000001;EQD;EQUIT;FWD;ESP;M_CRDTCHRG;20;NULL;NULL;20210203032054;2020-12-30;Mx3EU
10000001;10000001;10000001;EQD;EQUIT;FWD;ESP;M_SELLER;NULL;SELLER1;NULL;20210203032054;2020-12-30;Mx3EU
10000001;10000001;10000001;EQD;EQUIT;FWD;ESP;M_LIQDTYCHRG;30;NULL;NULL;20210203032054;2020-12-30;Mx3EU
10000001;10000001;10000001;EQD;EQUIT;FWD;ESP;M_MVA;0.000000000000;NULL;NULL;20210203032054;2020-12-30;Mx3EU
10000001;10000001;10000001;EQD;EQUIT;FWD;ESP;M_SUCURSAL;NULL;1999;NULL;20210203032054;2020-12-30;Mx3EU
10000001;10000001;10000001;EQD;EQUIT;FWD;ESP;M_RVA;0.000000000000;NULL;NULL;20210203032054;2020-12-30;Mx3EU
10000001;10000001;10000001;EQD;EQUIT;FWD;ESP;M_DIRECTIAV;0.000000000000;NULL;NULL;20210203032054;2020-12-30;Mx3EU
10000001;10000001;10000001;EQD;EQUIT;FWD;ESP;M_CLIENT;NULL;NULL;NULL;20210203032054;2020-12-30;Mx3EU
10000001;10000001;10000001;EQD;EQUIT;FWD;ESP;M_DISCMARGIN;10;NULL;NULL;20210203032054;2020-12-30;Mx3EU
10000009;10000009;10000009;IRD;BOND;FWD;ESP;M_CRDTCHRG;20;NULL;NULL;20210203032054;2020-12-30;Mx3EU
10000009;10000009;10000009;IRD;BOND;FWD;ESP;M_SELLER;NULL;SELLER9;NULL;20210203032054;2020-12-30;Mx3EU
10000009;10000009;10000009;IRD;BOND;FWD;ESP;M_LIQDTYCHRG;30;NULL;NULL;20210203032054;2020-12-30;Mx3EU
10000009;10000009;10000009;IRD;BOND;FWD;ESP;M_MVA;0.000000000000;NULL;NULL;20210203032054;2020-12-30;Mx3EU
10000009;10000009;10000009;IRD;BOND;FWD;ESP;M_SUCURSAL;NULL;1999;NULL;20210203032054;2020-12-30;Mx3EU
10000009;10000009;10000009;IRD;BOND;FWD;ESP;M_RVA;0.000000000000;NULL;NULL;20210203032054;2020-12-30;Mx3EU
10000009;10000009;10000009;IRD;BOND;FWD;ESP;M_DIRECTIAV;0.000000000000;NULL;NULL;20210203032054;2020-12-30;Mx3EU
10000009;10000009;10000009;IRD;BOND;FWD;ESP;M_CLIENT;NULL;NULL;NULL;20210203032054;2020-12-30;Mx3EU
10000009;10000009;10000009;IRD;BOND;FWD;ESP;M_DISCMARGIN;10;NULL;NULL;20210203032054;2020-12-30;Mx3EU
